{
  "run_id": "run_20251130_041240",
  "model": "FastText",
  "params": {
    "lr": 0.28971805320947014,
    "dim": 100,
    "epoch": 27,
    "wordNgrams": 2
  },
  "metrics": {
    "accuracy": 0.9236111111111112,
    "f1_macro": 0.9220963799231275,
    "precision_macro": 0.9301851851851852,
    "recall_macro": 0.9236111111111112,
    "classification_report": {
      "Crítica": {
        "precision": 0.8,
        "recall": 1.0,
        "f1-score": 0.8888888888888888,
        "support": 24.0
      },
      "Denúncia": {
        "precision": 0.9444444444444444,
        "recall": 0.7083333333333334,
        "f1-score": 0.8095238095238095,
        "support": 24.0
      },
      "Elogio": {
        "precision": 0.9583333333333334,
        "recall": 0.9583333333333334,
        "f1-score": 0.9583333333333334,
        "support": 24.0
      },
      "Pedido de Acesso à Informação (LAI)": {
        "precision": 1.0,
        "recall": 0.9583333333333334,
        "f1-score": 0.9787234042553191,
        "support": 24.0
      },
      "Solicitação": {
        "precision": 0.92,
        "recall": 0.9583333333333334,
        "f1-score": 0.9387755102040817,
        "support": 24.0
      },
      "Sugestão": {
        "precision": 0.9583333333333334,
        "recall": 0.9583333333333334,
        "f1-score": 0.9583333333333334,
        "support": 24.0
      },
      "accuracy": 0.9236111111111112,
      "macro avg": {
        "precision": 0.9301851851851852,
        "recall": 0.9236111111111112,
        "f1-score": 0.9220963799231275,
        "support": 144.0
      },
      "weighted avg": {
        "precision": 0.9301851851851851,
        "recall": 0.9236111111111112,
        "f1-score": 0.9220963799231277,
        "support": 144.0
      }
    },
    "confusion_matrix": [
      [
        24,
        0,
        0,
        0,
        0,
        0
      ],
      [
        6,
        17,
        0,
        0,
        1,
        0
      ],
      [
        0,
        1,
        23,
        0,
        0,
        0
      ],
      [
        0,
        0,
        0,
        23,
        1,
        0
      ],
      [
        0,
        0,
        0,
        0,
        23,
        1
      ],
      [
        0,
        0,
        1,
        0,
        0,
        23
      ]
    ],
    "train_time_seconds": 0.6713650226593018,
    "inference_time_seconds": 0.002791166305541992,
    "inference_time_per_sample": 1.9383099344041613e-05
  },
  "timestamp": "2025-12-08T23:10:50.897613"
}