{
  "Modelo": "NaiveBayes",
  "Parametros": {
    "alpha": 0.01,
    "ngram_range": [
      1,
      2
    ]
  },
  "Holdout_F1": 0.9930525401650022,
  "runtime_seconds": 2397.763035058975
}