{
  "Crítica": {
    "precision": 0.9565217391304348,
    "recall": 0.9166666666666666,
    "f1-score": 0.9361702127659575,
    "support": 24.0
  },
  "Denúncia": {
    "precision": 0.96,
    "recall": 1.0,
    "f1-score": 0.9795918367346939,
    "support": 24.0
  },
  "Elogio": {
    "precision": 1.0,
    "recall": 1.0,
    "f1-score": 1.0,
    "support": 24.0
  },
  "Pedido de Acesso à Informação (LAI)": {
    "precision": 0.9230769230769231,
    "recall": 1.0,
    "f1-score": 0.96,
    "support": 24.0
  },
  "Solicitação": {
    "precision": 1.0,
    "recall": 0.875,
    "f1-score": 0.9333333333333333,
    "support": 24.0
  },
  "Sugestão": {
    "precision": 0.96,
    "recall": 1.0,
    "f1-score": 0.9795918367346939,
    "support": 24.0
  },
  "accuracy": 0.9652777777777778,
  "macro avg": {
    "precision": 0.9665997770345597,
    "recall": 0.9652777777777777,
    "f1-score": 0.9647812032614466,
    "support": 144.0
  },
  "weighted avg": {
    "precision": 0.9665997770345596,
    "recall": 0.9652777777777778,
    "f1-score": 0.9647812032614463,
    "support": 144.0
  }
}