{
  "run_id": "exp_20251130_012636",
  "model": "FastText",
  "params": {
    "lr": 1.0,
    "epoch": 50,
    "wordNgrams": 2,
    "dim": 100
  },
  "metrics": {
    "accuracy": 0.9861111111111112,
    "f1_macro": 0.9861050803300043,
    "precision_macro": 0.9866666666666667,
    "recall_macro": 0.9861111111111112,
    "classification_report": {
      "Crítica": {
        "precision": 0.96,
        "recall": 1.0,
        "f1-score": 0.9795918367346939,
        "support": 24.0
      },
      "Denúncia": {
        "precision": 1.0,
        "recall": 0.9583333333333334,
        "f1-score": 0.9787234042553191,
        "support": 24.0
      },
      "Elogio": {
        "precision": 1.0,
        "recall": 1.0,
        "f1-score": 1.0,
        "support": 24.0
      },
      "Pedido de Acesso à Informação (LAI)": {
        "precision": 1.0,
        "recall": 1.0,
        "f1-score": 1.0,
        "support": 24.0
      },
      "Solicitação": {
        "precision": 1.0,
        "recall": 0.9583333333333334,
        "f1-score": 0.9787234042553191,
        "support": 24.0
      },
      "Sugestão": {
        "precision": 0.96,
        "recall": 1.0,
        "f1-score": 0.9795918367346939,
        "support": 24.0
      },
      "accuracy": 0.9861111111111112,
      "macro avg": {
        "precision": 0.9866666666666667,
        "recall": 0.9861111111111112,
        "f1-score": 0.9861050803300043,
        "support": 144.0
      },
      "weighted avg": {
        "precision": 0.9866666666666666,
        "recall": 0.9861111111111112,
        "f1-score": 0.9861050803300044,
        "support": 144.0
      }
    },
    "confusion_matrix": [
      [
        24,
        0,
        0,
        0,
        0,
        0
      ],
      [
        1,
        23,
        0,
        0,
        0,
        0
      ],
      [
        0,
        0,
        24,
        0,
        0,
        0
      ],
      [
        0,
        0,
        0,
        24,
        0,
        0
      ],
      [
        0,
        0,
        0,
        0,
        23,
        1
      ],
      [
        0,
        0,
        0,
        0,
        0,
        24
      ]
    ],
    "train_time_seconds": 0.6793098449707031,
    "inference_time_seconds": 0.0034558773040771484,
    "inference_time_per_sample": 2.39991479449802e-05
  },
  "timestamp": "2025-12-08T23:10:48.709274"
}