gen,avg,max
1,0.9717413433998625,0.9914033264033264
2,0.9880148850007784,0.9914033264033264
3,0.9853879501766777,0.9914033264033264
