{
  "Crítica": {
    "precision": 1.0,
    "recall": 1.0,
    "f1-score": 1.0,
    "support": 24.0
  },
  "Denúncia": {
    "precision": 1.0,
    "recall": 0.9583333333333334,
    "f1-score": 0.9787234042553191,
    "support": 24.0
  },
  "Elogio": {
    "precision": 1.0,
    "recall": 1.0,
    "f1-score": 1.0,
    "support": 24.0
  },
  "Pedido de Acesso à Informação (LAI)": {
    "precision": 0.96,
    "recall": 1.0,
    "f1-score": 0.9795918367346939,
    "support": 24.0
  },
  "Solicitação": {
    "precision": 1.0,
    "recall": 1.0,
    "f1-score": 1.0,
    "support": 24.0
  },
  "Sugestão": {
    "precision": 1.0,
    "recall": 1.0,
    "f1-score": 1.0,
    "support": 24.0
  },
  "accuracy": 0.9930555555555556,
  "macro avg": {
    "precision": 0.9933333333333333,
    "recall": 0.9930555555555557,
    "f1-score": 0.9930525401650021,
    "support": 144.0
  },
  "weighted avg": {
    "precision": 0.9933333333333333,
    "recall": 0.9930555555555556,
    "f1-score": 0.9930525401650022,
    "support": 144.0
  }
}