{
  "Crítica": {
    "precision": 0.92,
    "recall": 0.9583333333333334,
    "f1-score": 0.9387755102040817,
    "support": 24.0
  },
  "Denúncia": {
    "precision": 1.0,
    "recall": 0.875,
    "f1-score": 0.9333333333333333,
    "support": 24.0
  },
  "Elogio": {
    "precision": 1.0,
    "recall": 1.0,
    "f1-score": 1.0,
    "support": 24.0
  },
  "Pedido de Acesso à Informação (LAI)": {
    "precision": 0.9583333333333334,
    "recall": 0.9583333333333334,
    "f1-score": 0.9583333333333334,
    "support": 24.0
  },
  "Solicitação": {
    "precision": 0.8846153846153846,
    "recall": 0.9583333333333334,
    "f1-score": 0.92,
    "support": 24.0
  },
  "Sugestão": {
    "precision": 1.0,
    "recall": 1.0,
    "f1-score": 1.0,
    "support": 24.0
  },
  "accuracy": 0.9583333333333334,
  "macro avg": {
    "precision": 0.960491452991453,
    "recall": 0.9583333333333334,
    "f1-score": 0.9584070294784581,
    "support": 144.0
  },
  "weighted avg": {
    "precision": 0.9604914529914529,
    "recall": 0.9583333333333334,
    "f1-score": 0.9584070294784581,
    "support": 144.0
  }
}