{
  "model": "LinearSVC",
  "algorithm": "GridSearchCV",
  "best_f1_train": 0.9894637552532289,
  "f1_holdout": 0.9930525401650021,
  "accuracy_holdout": 0.9930555555555556,
  "best_params": {
    "clf__C": 10,
    "tfidf__ngram_range": [
      1,
      1
    ]
  },
  "runtime_seconds": 0.27
}