model;algorithm;best_f1_train;f1_holdout;accuracy_holdout;best_params;runtime_seconds
LogisticRegression;GridSearchCV;0.9841350776074782;0.9930525401650021;0.9930555555555556;{'clf__C': 10, 'tfidf__ngram_range': (1, 1)};8.78
MultinomialNB;GridSearchCV;0.9706875639859192;0.9930525401650021;0.9930555555555556;{'clf__alpha': 0.1, 'tfidf__ngram_range': (1, 2)};0.3
LinearSVC;GridSearchCV;0.9894637552532289;0.9930525401650021;0.9930555555555556;{'clf__C': 10, 'tfidf__ngram_range': (1, 1)};0.27
FastText;Optuna;0.9689411227729584;0.9584070294784581;0.9583333333333334;{'lr': 0.32749787255632135, 'dim': 100, 'epoch': 29, 'wordNgrams': 1};
