{
  "Crítica": {
    "precision": 1.0,
    "recall": 0.9583333333333334,
    "f1-score": 0.9787234042553191,
    "support": 24.0
  },
  "Denúncia": {
    "precision": 1.0,
    "recall": 1.0,
    "f1-score": 1.0,
    "support": 24.0
  },
  "Elogio": {
    "precision": 1.0,
    "recall": 1.0,
    "f1-score": 1.0,
    "support": 24.0
  },
  "Pedido de Acesso à Informação (LAI)": {
    "precision": 0.96,
    "recall": 1.0,
    "f1-score": 0.9795918367346939,
    "support": 24.0
  },
  "Solicitação": {
    "precision": 1.0,
    "recall": 0.9583333333333334,
    "f1-score": 0.9787234042553191,
    "support": 24.0
  },
  "Sugestão": {
    "precision": 0.96,
    "recall": 1.0,
    "f1-score": 0.9795918367346939,
    "support": 24.0
  },
  "accuracy": 0.9861111111111112,
  "macro avg": {
    "precision": 0.9866666666666667,
    "recall": 0.9861111111111112,
    "f1-score": 0.9861050803300043,
    "support": 144.0
  },
  "weighted avg": {
    "precision": 0.9866666666666666,
    "recall": 0.9861111111111112,
    "f1-score": 0.9861050803300044,
    "support": 144.0
  }
}