{
  "model": "FastText",
  "algorithm": "Optuna",
  "best_f1_train": 0.047619047619047616,
  "f1_holdout": 0.047619047619047616,
  "accuracy_holdout": 0.16666666666666666,
  "best_params": {
    "lr": 0.3741906621017037,
    "dim": 50,
    "epoch": 14,
    "wordNgrams": 1
  }
}