{
  "run_id": "run_20251130_012951",
  "model": "FastText",
  "params": {
    "lr": 0.3741906621017037,
    "dim": 50,
    "epoch": 14,
    "wordNgrams": 1
  },
  "metrics": {
    "accuracy": 0.8958333333333334,
    "f1_macro": 0.893415438250489,
    "precision_macro": 0.9033956325004917,
    "recall_macro": 0.8958333333333334,
    "classification_report": {
      "Crítica": {
        "precision": 0.8,
        "recall": 1.0,
        "f1-score": 0.8888888888888888,
        "support": 24.0
      },
      "Denúncia": {
        "precision": 0.9411764705882353,
        "recall": 0.6666666666666666,
        "f1-score": 0.7804878048780488,
        "support": 24.0
      },
      "Elogio": {
        "precision": 0.92,
        "recall": 0.9583333333333334,
        "f1-score": 0.9387755102040817,
        "support": 24.0
      },
      "Pedido de Acesso à Informação (LAI)": {
        "precision": 0.9565217391304348,
        "recall": 0.9166666666666666,
        "f1-score": 0.9361702127659575,
        "support": 24.0
      },
      "Solicitação": {
        "precision": 0.8461538461538461,
        "recall": 0.9166666666666666,
        "f1-score": 0.88,
        "support": 24.0
      },
      "Sugestão": {
        "precision": 0.9565217391304348,
        "recall": 0.9166666666666666,
        "f1-score": 0.9361702127659575,
        "support": 24.0
      },
      "accuracy": 0.8958333333333334,
      "macro avg": {
        "precision": 0.9033956325004917,
        "recall": 0.8958333333333334,
        "f1-score": 0.893415438250489,
        "support": 144.0
      },
      "weighted avg": {
        "precision": 0.903395632500492,
        "recall": 0.8958333333333334,
        "f1-score": 0.8934154382504891,
        "support": 144.0
      }
    },
    "confusion_matrix": [
      [
        24,
        0,
        0,
        0,
        0,
        0
      ],
      [
        5,
        16,
        1,
        0,
        2,
        0
      ],
      [
        0,
        1,
        23,
        0,
        0,
        0
      ],
      [
        0,
        0,
        0,
        22,
        2,
        0
      ],
      [
        0,
        0,
        0,
        1,
        22,
        1
      ],
      [
        1,
        0,
        1,
        0,
        0,
        22
      ]
    ],
    "train_time_seconds": 0.1580672264099121,
    "inference_time_seconds": 0.004561424255371094,
    "inference_time_per_sample": 3.167655732896593e-05
  },
  "timestamp": "2025-12-08T23:10:51.181288"
}